<?xml version="1.0" standalone="yes" ?>
<!--
This program is free software: you can redistribute it and/or modify
it under the terms of the GNU General Public License as published by
the Free Software Foundation, either version 3 of the License, or
(at your option) any later version.

This program is distributed in the hope that it will be useful,
but WITHOUT ANY WARRANTY; without even the implied warranty of
MERCHANTABILITY or FITNESS FOR A PARTICULAR PURPOSE.  See the
GNU General Public License for more details.

You should have received a copy of the GNU General Public License
along with this program.  If not, see <http://www.gnu.org/licenses/>.
-->
<scenario>
	<difficulty value="1"/>
	<players>
		<player control="human" faction="magic" team="1"/>
		<player control="cpu-mega" faction="magic" team="2"/>
		<player control="cpu-mega" faction="tech" team="2"/>
		<player control="cpu-mega" faction="egypt" team="2"/>
		<player control="cpu-mega" faction="magic" team="2"/>
		<player control="cpu-mega" faction="indian" team="2"/>
		<player control="cpu-mega" faction="tech" team="2"/>
		<player control="cpu-mega" faction="indian" team="2"/>
	</players>
	<map value="Witches_Hunt"/>
	<tileset value="dark_forest"/>
	<tech-tree value="megapack"/>
	<default-resources value="false"/>
	<default-units value="false"/>
	<fog-of-war value="true"/>
	<default-victory-conditions value="false"/>
	<scripts>
		<startup>
			-- Set AI
			disableConsume(0)
			disableConsume(1)
			disableConsume(2)
			disableConsume(3)
			disableConsume(4)
			disableConsume(5)
			disableConsume(6)
			disableConsume(7)

			-- Create player's units
			player_units = {}
			createUnit('summoner', 0, startLocation(0))
			player_units[#player_units + 1] = lastCreatedUnit()
			createUnit('summoner', 0, {startLocation(0)[1] + 3, startLocation(0)[2]})
			player_units[#player_units + 1] = lastCreatedUnit()
			createUnit('summoner', 0, {startLocation(0)[1] - 3, startLocation(0)[2]})
			player_units[#player_units + 1] = lastCreatedUnit()
			createUnit('summoner', 0, {startLocation(0)[1], startLocation(0)[2] - 3})
			player_units[#player_units + 1] = lastCreatedUnit()
			createUnit('summoner', 0, {startLocation(0)[1] - 3, startLocation(0)[2] - 3})
			player_units[#player_units + 1] = lastCreatedUnit()
			createUnit('summoner', 0, {startLocation(0)[1] + 3, startLocation(0)[2] - 3})
			player_units[#player_units + 1] = lastCreatedUnit()
			createUnit('summoner', 0, {startLocation(0)[1] - 4, startLocation(0)[2] - 3})
			player_units[#player_units + 1] = lastCreatedUnit()
			createUnit('summoner', 0, {startLocation(0)[1] + 4, startLocation(0)[2] - 3})
			player_units[#player_units + 1] = lastCreatedUnit()
			createUnit('summoner', 0, {startLocation(0)[1] - 5, startLocation(0)[2] - 3})
			player_units[#player_units + 1] = lastCreatedUnit()
			createUnit('summoner', 0, {startLocation(0)[1] + 5, startLocation(0)[2] - 3})
			player_units[#player_units + 1] = lastCreatedUnit()
			createUnit('summoner', 0, {startLocation(0)[1] - 3, startLocation(0)[2] - 4})
			player_units[#player_units + 1] = lastCreatedUnit()
			createUnit('summoner', 0, {startLocation(0)[1] + 3, startLocation(0)[2] - 4})
			player_units[#player_units + 1] = lastCreatedUnit()

			player_guardians = {}
			createUnit('ghost_armor', 0, {startLocation(0)[1], startLocation(0)[2] + 2})
			player_guardians[#player_guardians + 1] = lastCreatedUnit()
			createUnit('ghost_armor', 0, {startLocation(0)[1] - 1, startLocation(0)[2] + 2})
			player_guardians[#player_guardians + 1] = lastCreatedUnit()
			createUnit('ghost_armor', 0, {startLocation(0)[1] + 1, startLocation(0)[2] + 2})
			player_guardians[#player_guardians + 1] = lastCreatedUnit()
			createUnit('ghost_armor', 0, {startLocation(0)[1] - 2, startLocation(0)[2] + 2})
			player_guardians[#player_guardians + 1] = lastCreatedUnit()
			createUnit('ghost_armor', 0, {startLocation(0)[1] + 2, startLocation(0)[2] + 2})
			player_guardians[#player_guardians + 1] = lastCreatedUnit()
			createUnit('ghost_armor', 0, {startLocation(0)[1] - 3, startLocation(0)[2] + 2})
			player_guardians[#player_guardians + 1] = lastCreatedUnit()
			createUnit('ghost_armor', 0, {startLocation(0)[1] + 3, startLocation(0)[2] + 2})
			player_guardians[#player_guardians + 1] = lastCreatedUnit()
			createUnit('ghost_armor', 0, {startLocation(0)[1], startLocation(0)[2] + 3})
			player_guardians[#player_guardians + 1] = lastCreatedUnit()
			createUnit('ghost_armor', 0, {startLocation(0)[1] - 1, startLocation(0)[2] + 3})
			player_guardians[#player_guardians + 1] = lastCreatedUnit()
			createUnit('ghost_armor', 0, {startLocation(0)[1] + 1, startLocation(0)[2] + 3})
			player_guardians[#player_guardians + 1] = lastCreatedUnit()
			createUnit('ghost_armor', 0, {startLocation(0)[1] - 2, startLocation(0)[2] + 3})
			player_guardians[#player_guardians + 1] = lastCreatedUnit()
			createUnit('ghost_armor', 0, {startLocation(0)[1] + 2, startLocation(0)[2] + 3})
			player_guardians[#player_guardians + 1] = lastCreatedUnit()
			createUnit('behemoth', 0, {startLocation(0)[1] - 6, startLocation(0)[2]})
			player_guardians[#player_guardians + 1] = lastCreatedUnit()
			createUnit('behemoth', 0, {startLocation(0)[1] + 6, startLocation(0)[2]})
			player_guardians[#player_guardians + 1] = lastCreatedUnit()

			-- Give guardian units exp
			for i, unit in ipairs(player_guardians) do
				giveKills(unit, 10)
			end

			-- Create enemy units
			enemy_units = {}
			createUnit('archmage_tower', 1, startLocation(1))
			enemy_units[#enemy_units + 1] = lastCreatedUnit()
			createUnit('archmage', 1, {startLocation(1)[1] - 2, startLocation(1)[2] - 3})
			createUnit('archmage', 1, {startLocation(1)[1] + 2, startLocation(1)[2] - 3})
			createUnit('battlemage', 1, {startLocation(1)[1], startLocation(1)[2] + 3})
			createUnit('battlemage', 1, {startLocation(1)[1] - 2, startLocation(1)[2] + 3})
			createUnit('battlemage', 1, {startLocation(1)[1] + 2, startLocation(1)[2] + 3})
			createUnit('battlemage', 1, {startLocation(1)[1] - 4, startLocation(1)[2] + 3})
			createUnit('battlemage', 1, {startLocation(1)[1] + 4, startLocation(1)[2] + 3})

			createUnit('barracks', 2, startLocation(2))
			enemy_units[#enemy_units + 1] = lastCreatedUnit()
			createUnit('horseman', 2, {startLocation(2)[1] + 8, startLocation(2)[2]})
			createUnit('archer', 2, {startLocation(2)[1] - 4, startLocation(2)[2] - 1})
			createUnit('archer', 2, {startLocation(2)[1] - 4, startLocation(2)[2] + 1})
			createUnit('archer', 2, {startLocation(2)[1] - 4, startLocation(2)[2] - 3})
			createUnit('archer', 2, {startLocation(2)[1] - 4, startLocation(2)[2] + 3})
			createUnit('archer', 2, {startLocation(2)[1] - 4, startLocation(2)[2] - 5})
			createUnit('archer', 2, {startLocation(2)[1] - 4, startLocation(2)[2] + 5})
			createUnit('guard', 2, {startLocation(2)[1] - 6, startLocation(2)[2] - 1})
			createUnit('guard', 2, {startLocation(2)[1] - 6, startLocation(2)[2] + 1})
			createUnit('guard', 2, {startLocation(2)[1] - 6, startLocation(2)[2] - 3})
			createUnit('guard', 2, {startLocation(2)[1] - 6, startLocation(2)[2] + 3})

			createUnit('pyramid', 3, startLocation(3))
			enemy_units[#enemy_units + 1] = lastCreatedUnit()
			createUnit('priest', 3, {startLocation(3)[1] - 8, startLocation(3)[2]})
			createUnit('snake', 3, {startLocation(3)[1] + 8, startLocation(3)[2]})
			createUnit('snake', 3, {startLocation(3)[1] + 8, startLocation(3)[2] - 3})
			createUnit('snake', 3, {startLocation(3)[1] + 8, startLocation(3)[2] + 3})
			createUnit('snake', 3, {startLocation(3)[1] + 8, startLocation(3)[2] - 6})
			createUnit('snake', 3, {startLocation(3)[1] + 8, startLocation(3)[2] + 6})
			createUnit('scarab', 3, {startLocation(3)[1] + 8, startLocation(3)[2] - 2})
			createUnit('scarab', 3, {startLocation(3)[1] + 8, startLocation(3)[2] + 2})

			createUnit('energy_source', 4, startLocation(4))
			enemy_units[#enemy_units + 1] = lastCreatedUnit()
			createUnit('dragon', 4, {startLocation(4)[1] - 2, startLocation(4)[2] - 2})
			createUnit('dragon', 4, {startLocation(4)[1] + 2, startLocation(4)[2] - 2})
			createUnit('dragon', 4, {startLocation(4)[1] - 2, startLocation(4)[2] + 2})
			createUnit('dragon', 4, {startLocation(4)[1] + 2, startLocation(4)[2] + 2})

			createUnit('round_tent', 5, startLocation(5))
			enemy_units[#enemy_units + 1] = lastCreatedUnit()
			createUnit('fire_archer', 5, {startLocation(5)[1] - 6, startLocation(5)[2] - 1})
			createUnit('fire_archer', 5, {startLocation(5)[1] - 6, startLocation(5)[2] + 1})
			createUnit('fire_archer', 5, {startLocation(5)[1] - 6, startLocation(5)[2] - 3})
			createUnit('fire_archer', 5, {startLocation(5)[1] - 6, startLocation(5)[2] + 3})
			createUnit('axe_thrower', 5, {startLocation(5)[1], startLocation(5)[2] - 6})
			createUnit('axe_thrower', 5, {startLocation(5)[1], startLocation(5)[2] + 6})
			createUnit('spearman', 5, {startLocation(5)[1] + 6, startLocation(5)[2] - 1})
			createUnit('spearman', 5, {startLocation(5)[1] + 6, startLocation(5)[2] + 1})
			createUnit('spearman', 5, {startLocation(5)[1] + 6, startLocation(5)[2] - 3})
			createUnit('spearman', 5, {startLocation(5)[1] + 6, startLocation(5)[2] + 3})

			createUnit('technodrome', 6, startLocation(6))
			enemy_units[#enemy_units + 1] = lastCreatedUnit()
			createUnit('battle_machine', 6, {startLocation(6)[1] + 4, startLocation(6)[2]})
			createUnit('catapult', 6, {startLocation(6)[1] + 3, startLocation(6)[2] - 4})
			createUnit('catapult', 6, {startLocation(6)[1] + 3, startLocation(6)[2] + 4})
			createUnit('technician', 6, {startLocation(6)[1] - 4, startLocation(6)[2] - 1})
			createUnit('technician', 6, {startLocation(6)[1] - 4, startLocation(6)[2] + 1})
			createUnit('technician', 6, {startLocation(6)[1] - 4, startLocation(6)[2] - 3})
			createUnit('technician', 6, {startLocation(6)[1] - 4, startLocation(6)[2] + 3})

			createUnit('tent', 7, startLocation(7))
			enemy_units[#enemy_units + 1] = lastCreatedUnit()
			createUnit('stickfighter', 7, {startLocation(7)[1], startLocation(7)[2] - 6})
			createUnit('stickfighter', 7, {startLocation(7)[1] - 2, startLocation(7)[2] - 5})
			createUnit('stickfighter', 7, {startLocation(7)[1] + 2, startLocation(7)[2] - 5})
			createUnit('archer', 7, {startLocation(7)[1] - 2, startLocation(7)[2] - 4})
			createUnit('archer', 7, {startLocation(7)[1] + 2, startLocation(7)[2] - 4})

			-- Show mission objective
			setDisplayText('objective')
		</startup>
		<unitDied>
			-- Check for player deaths
			for i, unit in ipairs(player_units) do
				if lastDeadUnit() == unit then
					player_units[i] = player_units[#player_units]
					player_units[#player_units] = nil
					if 0 >= #player_units then
						clearDisplayText()
						setPlayerAsWinner(1)
						setPlayerAsWinner(2)
						setPlayerAsWinner(3)
						setPlayerAsWinner(4)
						setPlayerAsWinner(5)
						setPlayerAsWinner(6)
						setPlayerAsWinner(7)
						endGame()
					end
				end
			end

			-- Check for enemy deaths
			for i, unit in ipairs(enemy_units) do
				if lastDeadUnit() == unit then
					enemy_units[i] = enemy_units[#enemy_units]
					enemy_units[#enemy_units] = nil
					if 0 >= #enemy_units then
						clearDisplayText()
						setPlayerAsWinner(0)
						endGame()
					end
				end
			end
		</unitDied>
	</scripts>
</scenario>
