{
    "actions": [
        "be {primitiveanimal} stuck in {primitivehome}", 
        "live in {primitivehome}", 
        "eat {badfood}", 
        "drink {baddrink}", 
        "bathe in {badbathwater}", 
        "be dunked in a tub full of {badbathwater}", 
        "have {badsmell} shoved up my nose", 
        "take a bath in {badbathwater}", 
        "listen to {badsound}",
        "rip all the hairs out of {myhairypart}", 
        "drown in {badbathwater}", 
        "be run over by {stampeder}", 
        "be stabbed with {painfulknife}"
    ], 
    "nouns": {
        "Chuck Norris": {
            "properties": [
                "strongperson",
                "stampeder"
            ], 
            "subnouns": [
                "chest hair"
            ]
        }, 
        "Bill Gates": {
            "properties": [
                "nonfreedeveloper"
            ],
            "subnouns": [
                "chest hair"
            ]
        },
        "a nail on a chalkboard": {
            "properties": [
                "badsound"
            ]
        },
        "a buffalo": {
            "properties": [
                "animal",
                "stampeder"
            ]
        }, 
        "a skunk": {
            "properties": [
                "animal", 
                "badsmell"
            ]
        }, 
        "a rusty carving knife": {
            "properties": [
                "painfulknife"
            ]
        }, 
        "cow urine": {
            "otherwords": [
                "urine"
            ],
            "properties": [
                "baddrink", 
                "badbathwater"
            ]
        }, 
        "my chest": {
            "properties": [
                "myhairypart"
            ]
        },
        "acid": {
            "properties": [
                "baddrink",
                "badbathwater"
            ]
        },
        "molten lead": {
            "properties": [
                "baddrink",
                "badbathwater"
            ]
        },
        "a truck": {
            "properties": [
                "stampeder"
            ]
        },
        "a caveman": {
            "properties": [
                "primitiveanimal"
            ]
        },
        "a cave": {
            "properties": [
                "primitivehome"
            ]
        },
        "the wilderness": {
            "properties": [
                "primitivehome"
            ]
        },
        "a cockroach": {
            "properties": [
                "animal",
                "primitiveanimal"
            ]
        }
    },
    "subnouns": {
        "chest hair": {
            "properties": [
                "badfood", 
                "badbathwater"
            ]
        }
    },
    "prefix": [
        "I'd rather ",
        "I would rather ",
        "Sooner would I ", 
        "It would be preferable to "
    ],
    "suffix": [
        " than run nonfree software.", 
        " than allow Microsoft to control my life.", 
        " than use Microsoft's malware known as Windows.", 
        " than use Apple's malware known as Mac OS X.",
        " than use an iGroan.", 
        " than use the Orwellian Amazon Swindle.", 
        " than buy an iBad.", 
        " than give away my freedom.", 
        " than give away my privacy.", 
        " than allow corporations to spy on me.", 
        " than permit Facebook to spy on me.", 
        " than permit nonfree software to run on my computer.", 
        " than sacrafice my freedom."
    ]
}
