[
    {
        "title": "Kitten Command"
    },
    {
        "title": "Programming",
        "lines": [
            "onpon4"
        ]
    },
    {
        "title": "Graphics",
        "lines": [
            "dogchicken",
            "Nintendo",
            "onpon4"
        ]
    },
    {
        "title": "Sounds",
        "lines": [
            "Nintendo",
            "Konami"
        ]
    },
    {
        "title": "Music",
        "lines": [
            "Koji Kondo",
            "Paul Soh"
        ]
    },
    {
        "title": "Software Used",
        "lines": [
            "Python",
            "SGE Game Engine",
            "xSGE",
            "Tiled",
            "GIMP",
            "KolourPaint"
        ]
    },
    {
        "title": " "
    },
    {
        "title": " ",
        "lines": [
            "This is a fangame and is neither affiliated with nor endorsed by Nintendo",
            "Use by this game of copyrighted material from Nintendo and Konami is fair use under United States copyright law - see the README for more information"
        ]
    },
    {
        "title": " "
    },
    {
        "title": "Thank you for playing!"
    }
]